Workbook

Sheet Sheet1
A1: Site | B1: Name | C1: storeName | D1: joltLocationID
A2: 10684 | B2: =_xlfn.XLOOKUP(A2,Sheet2!$C$2:$C$68,Sheet2!$B$2:$B$68) -> Scott City | C2: ="Wendy's " & A2 &" - " & B2 -> Wendy's 10684 - Scott City | D2: TG9jYXRpb246MDAwNTg3NWMyNjBkNGNkYWU2YTVmYzkzZTAzZTZkOGQ=
A3: 10816 | B3: =_xlfn.XLOOKUP(A3,Sheet2!$C$2:$C$68,Sheet2!$B$2:$B$68) -> Ellensburg | C3: ="Wendy's " & A3 &" - " & B3 -> Wendy's 10816 - Ellensburg | D3: TG9jYXRpb246MDAwNTg3NWIyNjBkNGM2Y2Q0MTJjYzU4YjIyN2JmYjM=
A4: 11066 | B4: =_xlfn.XLOOKUP(A4,Sheet2!$C$2:$C$68,Sheet2!$B$2:$B$68) -> Regal | C4: ="Wendy's " & A4 &" - " & B4 -> Wendy's 11066 - Regal | D4: TG9jYXRpb246MDAwNTg3NWIyNjBkNGM2ZDc4ODE2MDg1YmIzZjdhNzI=
A5: 11087 | B5: =_xlfn.XLOOKUP(A5,Sheet2!$C$2:$C$68,Sheet2!$B$2:$B$68) -> Klamath Falls | C5: ="Wendy's " & A5 &" - " & B5 -> Wendy's 11087 - Klamath Falls | D5: TG9jYXRpb246MDAwNTg3MmQyNjBkNGNjODEwOGIwOWRiNTMxNDk2MTk=
A6: 11088 | B6: =_xlfn.XLOOKUP(A6,Sheet2!$C$2:$C$68,Sheet2!$B$2:$B$68) -> Fremont | C6: ="Wendy's " & A6 &" - " & B6 -> Wendy's 11088 - Fremont | D6: TG9jYXRpb246MDAwNTg3MmQyNjBkNGNjODg0ZmU0NTg4NDY1ZTBmOGU=
A7: 11145 | B7: =_xlfn.XLOOKUP(A7,Sheet2!$C$2:$C$68,Sheet2!$B$2:$B$68) -> Clays Center | C7: ="Wendy's " & A7 &" - " & B7 -> Wendy's 11145 - Clays Center | D7: TG9jYXRpb246MDAwNTg3NWMyNjBkNGNkYWViNDdjN2UyNDBhMjg3ZmY=
A8: 11275 | B8: =_xlfn.XLOOKUP(A8,Sheet2!$C$2:$C$68,Sheet2!$B$2:$B$68) -> Dodge City | C8: ="Wendy's " & A8 &" - " & B8 -> Wendy's 11275 - Dodge City | D8: TG9jYXRpb246MDAwNTg3NWMyNjBkNGNkYWM4Mzk1NTI5MjMxOTRjOTA=
A9: 11321 | B9: =_xlfn.XLOOKUP(A9,Sheet2!$C$2:$C$68,Sheet2!$B$2:$B$68) -> Hays 2 | C9: ="Wendy's " & A9 &" - " & B9 -> Wendy's 11321 - Hays 2 | D9: TG9jYXRpb246MDAwNTg3NWMyNjBkNGNkYWQ4ZmJlZjg5OGY0ZWI0ZWM=
A10: 11745 | B10: =_xlfn.XLOOKUP(A10,Sheet2!$C$2:$C$68,Sheet2!$B$2:$B$68) -> Yakima | C10: ="Wendy's " & A10 &" - " & B10 -> Wendy's 11745 - Yakima | D10: TG9jYXRpb246MDAwNTg3NWIyNjBkNGM2Yjc2YTYyNGU0Y2Y1NDMwMGQ=
A11: 11881 | B11: =_xlfn.XLOOKUP(A11,Sheet2!$C$2:$C$68,Sheet2!$B$2:$B$68) -> Liberal | C11: ="Wendy's " & A11 &" - " & B11 -> Wendy's 11881 - Liberal | D11: TG9jYXRpb246MDAwNTg3NWMyNjBkNGNkYWY5MmU1NWEwMGZmNTI5YWY=
A12: 12251 | B12: =_xlfn.XLOOKUP(A12,Sheet2!$C$2:$C$68,Sheet2!$B$2:$B$68) -> Moses Lake | C12: ="Wendy's " & A12 &" - " & B12 -> Wendy's 12251 - Moses Lake | D12: TG9jYXRpb246MDAwNTg3NWIyNjBkNGM2YmY3NGMxYTAwZDBlYzE3N2Q=
A13: 12281 | B13: =_xlfn.XLOOKUP(A13,Sheet2!$C$2:$C$68,Sheet2!$B$2:$B$68) -> Ponderay | C13: ="Wendy's " & A13 &" - " & B13 -> Wendy's 12281 - Ponderay | D13: TG9jYXRpb246MDAwNjEyOTMyNjEzOTFjZTQ2YjZmYWE3MWE4MjFjY2E=
... A16: 13531 | B16: =_xlfn.XLOOKUP(A16,Sheet2!$C$2:$C$68,Sheet2!$B$2:$B$68) -> Springfield | C16: ="Wendy's " & A16 &" - " & B16 -> Wendy's 13531 - Springfield | D16: TG9jYXRpb246MDAxMmE5YmEyNjQ1NTJlN2RlNjcyZTQ3ZGM3NWNlNjU=
A17: 14422 | B17: =_xlfn.XLOOKUP(A17,Sheet2!$C$2:$C$69,Sheet2!$B$2:$B$69) -> Union Gap | C17: ="Wendy's " & A17 &" - " & B17 -> Wendy's 14422 - Union Gap | D17: TG9jYXRpb246MDAyM2U4MzkyNjdmNTRhMGMyNzAxOTRkMTZjZGE0NjE=
A18: 2992 | B18: =_xlfn.XLOOKUP(A18,Sheet2!$C$2:$C$68,Sheet2!$B$2:$B$68) -> South 48 | C18: ="Wendy's " & A18 &" - " & B18 -> Wendy's 2992 - South 48 | D18: TG9jYXRpb246MDAwNTg3MmQyNjBkNGNjODU2NGY2MzVmYTIzOTRiNDA=
A19: 3108 | B19: =_xlfn.XLOOKUP(A19,Sheet2!$C$2:$C$68,Sheet2!$B$2:$B$68) -> Hastings | C19: ="Wendy's " & A19 &" - " & B19 -> Wendy's 3108 - Hastings | D19: TG9jYXRpb246MDAwNTg3MmQyNjBkNGNjODRkNGU5ODk4ZTNlMDRlNTM=
A20: 3166 | B20: =_xlfn.XLOOKUP(A20,Sheet2!$C$2:$C$68,Sheet2!$B$2:$B$68) -> Locust | C20: ="Wendy's " & A20 &" - " & B20 -> Wendy's 3166 - Locust | D20: TG9jYXRpb246MDAwNTg3MmQyNjBkNGNjODQ4ZmRjYzMxYWNhNDA1YWI=
A21: 3261 | B21: =_xlfn.XLOOKUP(A21,Sheet2!$C$2:$C$68,Sheet2!$B$2:$B$68) -> Roseburg | C21: ="Wendy's " & A21 &" - " & B21 -> Wendy's 3261 - Roseburg | D21: TG9jYXRpb246MDAwNTg3NWIyNjBkNGM2ZDgzMzg1YmUyZTg5N2MwZDc=
A22: 3262 | B22: =_xlfn.XLOOKUP(A22,Sheet2!$C$2:$C$68,Sheet2!$B$2:$B$68) -> Pasco | C22: ="Wendy's " & A22 &" - " & B22 -> Wendy's 3262 - Pasco | D22: TG9jYXRpb246MDAwNTg3NWIyNjBkNGM2Y2E4YWNhNTAxYzY0NDRiYjU=
A23: 3360 | B23: =_xlfn.XLOOKUP(A23,Sheet2!$C$2:$C$68,Sheet2!$B$2:$B$68) -> North Platte | C23: ="Wendy's " & A23 &" - " & B23 -> Wendy's 3360 - North Platte | D23: TG9jYXRpb246MDAwNTg3MmQyNjBkNGNjODQzMmFiYTI2MGZiN2Y5YWU=
A24: 3366 | B24: =_xlfn.XLOOKUP(A24,Sheet2!$C$2:$C$68,Sheet2!$B$2:$B$68) -> Eugene | C24: ="Wendy's " & A24 &" - " & B24 -> Wendy's 3366 - Eugene | D24: TG9jYXRpb246MDAwNTg3NWIyNjBkNGM2ZDA4YWI4MGJkNDE5YzllMjg=
A25: 3388 | B25: =_xlfn.XLOOKUP(A25,Sheet2!$C$2:$C$68,Sheet2!$B$2:$B$68) -> Q Street | C25: ="Wendy's " & A25 &" - " & B25 -> Wendy's 3388 - Q Street | D25: TG9jYXRpb246MDAwNTg3MmQyNjBkNGNjODVhZjliNWRjYThhMGZmMWI=
A26: 3430 | B26: =_xlfn.XLOOKUP(A26,Sheet2!$C$2:$C$68,Sheet2!$B$2:$B$68) -> Kearney South | C26: ="Wendy's " & A26 &" - " & B26 -> Wendy's 3430 - Kearney South | D26: TG9jYXRpb246MDAwNTg3MmQyNjBkNGNjODFhMTA0NDU5ODJiZmZiZjU=
A27: 3473 | B27: =_xlfn.XLOOKUP(A27,Sheet2!$C$2:$C$68,Sheet2!$B$2:$B$68) -> Bend 1 | C27: ="Wendy's " & A27 &" - " & B27 -> Wendy's 3473 - Bend 1 | D27: TG9jYXRpb246MDAwNTg3MmQyNjBkNGNjODE1MjkwODk2OWI0MWFkZmI=
A28: 3477 | B28: =_xlfn.XLOOKUP(A28,Sheet2!$C$2:$C$68,Sheet2!$B$2:$B$68) -> Great Bend | C28: ="Wendy's " & A28 &" - " & B28 -> Wendy's 3477 - Great Bend | D28: TG9jYXRpb246MDAwNTg3NWMyNjBkNGNkYWMzMDNjNjY4N2FkZGY3NjQ=
A29: 3534 | B29: =_xlfn.XLOOKUP(A29,Sheet2!$C$2:$C$68,Sheet2!$B$2:$B$68) -> Richland | C29: ="Wendy's " & A29 &" - " & B29 -> Wendy's 3534 - Richland | D29: TG9jYXRpb246MDAwNTg3NWIyNjBkNGM2YjhhMWM1MDJmYWZkYmU5NDY=
... A66: 9497 | B66: =_xlfn.XLOOKUP(A66,Sheet2!$C$2:$C$68,Sheet2!$B$2:$B$68) -> North 84 | C66: ="Wendy's " & A66 &" - " & B66 -> Wendy's 9497 - North 84 | D66: TG9jYXRpb246MDAwNTg3MmQyNjBkNGNjODgwYTAyNTkwNjcyZmNjMzQ=

Sheet Sheet2
B2: South 48 | C2: 2992
B3: Hastings | C3: 3108
B4: Locust | C4: 3166
B5: Roseburg | C5: 3261
B6: Pasco | C6: 3262
B7: North Platte | C7: 3360
B8: Eugene | C8: 3366
B9: Q Street | C9: 3388
B10: Kearney South | C10: 3430
B11: Bend 1 | C11: 3473
B12: Great Bend | C12: 3477
B13: Richland | C13: 3534
... B69: Union Gap | C69: 14422
